city,1901,1911,1921,1931,1941,1951,1961,1971,1981,1991,2001,2011
Cherthala U A,0,0,4781,5940,6765,7116,31155,36752,61560,260572,259652,455722
Phusro U A,0,0,0,0,23310,36371,60208,69321,101946,142585,174402,185555
Chandigarh  U A,0,0,0,0,0,0,99262,232940,422841,575829,808515,970602
Palwal U A,12830,9485,9352,10807,13606,13915,27863,36207,47328,59168,100722,131926
Kothamangalam U A,0,0,4517,5626,9079,17816,22900,28671,58435,63130,66419,114639
Munger,35880,46913,46825,52863,63150,74348,89768,102474,129260,150112,188050,213303
Coimbatore U A,53080,47007,75491,108023,189612,287334,453601,736203,920355,1100746,1601194,2136916
Baraut,7703,7776,9304,9390,11464,16928,22818,31264,46292,67705,85708,103764
Imphal U A,72234,74650,80003,85804,99716,2862,67717,100366,179194,237285,296239,418739
Haldia,0,0,0,0,0,0,0,9968,21122,100347,170673,200827
Puducherry  U A,0,0,0,0,0,0,51762,154945,251420,401437,505959,657209
Siliguri U A,0,0,0,6067,10487,32480,65471,97484,230780,364167,472374,705579
Banswara U A,7038,7665,8588,10444,12772,15558,19566,27363,48070,67908,87308,101017
Satara U A,26022,19145,22454,26379,36405,41070,48709,66433,83336,95180,129552,149335
Vijayawada U A,31926,41614,54104,71399,99501,186394,269536,395084,613722,845756,1039518,1476931
Chalakudy U A,0,0,0,5886,7429,10847,16864,37562,41894,61672,65835,114863
Alappuzha U A,24918,25665,32074,43838,56333,116278,138834,160166,169940,227716,239384,240991
Botad,8857,9324,9815,12915,15842,19558,26168,32179,50274,64603,100194,130327
Ganganagar U A,0,0,0,9943,16136,36437,63854,90042,123692,161482,222858,249914
Amravati,50370,51708,57841,70766,90346,124064,161715,221277,293755,421576,549510,647057
Hyderabad U A,448466,502104,405630,466894,739159,1135758,1254941,1815117,2607770,4344437,5756729,7677018
Azamgarh U A,18835,10834,14788,18046,24307,26632,32391,40963,66523,78567,93521,116172
Shimoga,6240,13118,15090,20661,27712,46524,63764,102709,151783,193028,274352,322650
Biharsharif,45063,35151,36720,46994,54551,63124,78581,100046,151343,201323,232071,297268
Jodhpur U A,79109,79756,73480,94736,126842,180717,224760,317612,506345,666279,860818,1138300
Satna U A,7471,7192,7998,11176,11575,20183,38046,62162,96667,160500,229307,282977
Visakhapatnam,40892,43413,44711,57303,70243,108042,211190,363467,603630,1044119,1345938,1728128
Gondiya,0,5847,10617,14957,20320,36686,56320,77992,100423,109470,120902,132813
Jalandhar U A,67735,69318,71008,89030,135283,168816,222569,296106,408196,509510,714077,874412
Barnala,6905,5341,7714,8915,12341,15996,21354,31847,43680,75430,96624,116449
Ahmadnagar U A,40809,39184,49878,57529,70418,105275,119020,148405,181210,222088,355169,379845
Vadodara U A,103790,99345,94712,112860,153301,211407,309716,478524,776182,1127903,1491045,1822221
Palanpur U A,17799,17221,17843,20347,21643,22629,29139,42114,61262,90269,122300,141592
Guntur U A,30833,40529,48184,65179,83599,125255,187122,269991,367699,471051,514461,670073
Raurkela   U A,0,0,0,0,0,0,90287,172502,322610,398864,484874,552239
Buxar U A,13945,11309,10098,13449,14879,18087,23068,31691,42952,55753,83168,110881
Phagwara U A,17147,11779,11395,12049,16194,25591,37929,55012,75961,88316,102253,117966
Saharanpur,66254,62850,62261,78655,105622,148435,185213,225396,295355,374945,455754,705478
Hoshiarpur,17549,17449,21285,26730,35345,45291,50739,57691,85648,122705,149668,168653
Bagaha,0,0,0,0,0,5820,19411,25344,32597,64627,91467,112634
Amroha,41071,42410,40448,44948,55957,59105,68965,82702,112682,137061,165129,198471
Nizamabad,12871,17353,15672,18809,32741,55195,79093,115640,183061,241034,288722,311152
Hathras U A,42578,37854,38763,39784,46994,56619,64045,74349,92962,113285,126355,160909
Korba U A,0,0,0,0,0,0,12424,32654,83387,146727,315690,365253
Patan U A,31402,28339,27017,29830,36549,43044,51953,64519,79196,97025,113749,133737
Allahabad U A,172032,171697,157220,183914,260630,332295,430730,513036,650070,844546,1042229,1212395
Udaipur U A,45976,33229,34789,44035,59648,89621,111139,161278,232588,308571,389438,474531
Jetpur Navagadh,15919,16513,18694,22973,28406,28444,31186,41943,63074,95297,104312,118302
Bhusawal U A,16363,15258,24522,27865,36352,54346,79121,104708,132142,159799,187564,203774
Bhiwandi U A,10354,13292,12188,15619,18776,25764,47630,79576,170599,392214,621427,735681
Warangal U A,10487,48342,46791,62119,92808,133130,156106,207520,335150,467757,579216,753438
Gwalior U A,138612,84458,113684,126949,182492,241577,300587,406140,555862,717780,865548,1102884
Hubli Dharwad,81143,91031,100992,124398,143504,196180,248489,379166,527108,648298,786195,943788
Rajkot U A,36151,34194,45845,59112,66353,132069,194145,300612,445076,654490,1003015,1390640
Lalitpur,11560,12449,11504,13715,16881,20792,25220,34462,55756,79870,111892,133305
Rampur U A,78758,74316,73156,74216,89322,134277,135407,161417,204610,243742,281494,349258
Narasaraopet U A,7108,8743,11308,15403,17644,22243,29744,43467,67032,88726,95349,117489
Kothagudem U A,0,0,0,0,9669,50195,69728,75542,94894,102137,105266,119501
Rewa,24608,26247,20977,25206,26008,29623,43065,69182,100641,128981,183274,235654
Panipat U A,26914,26342,27343,32915,37837,54981,67026,87981,137927,191212,354148,444524
Parbhani,9958,9081,14755,16830,21683,33446,36795,61570,109364,190255,259329,307170
Jhunjhunun,12279,13266,11950,14272,16874,20637,24962,32024,47177,72187,100485,118473
Saharsa,0,0,0,0,0,0,14803,23217,57580,80149,125167,156540
Hindupur,19575,11035,12456,14211,19049,24438,32445,42959,55901,104651,125074,151677
Hardoi U A,12174,13855,14412,17069,24252,29881,36725,46639,67259,88651,112486,197029
Mathura U A,60042,58183,52840,64029,80532,105773,125258,140150,159498,235922,346791,456706
Kamptee U A,38888,17155,20226,26341,26930,36165,46643,70983,94665,127151,136491,135936
Sitapur U A,22557,21578,21584,27820,35249,44397,53884,66715,101210,121842,151908,188115
Kishanganj,7671,7563,7934,8946,10424,15903,27002,36893,51790,64568,85590,105782
Khanna,3838,3319,3319,6555,7941,12646,24416,34820,53761,71990,103099,128137
Kota,33657,32753,31707,37876,47339,65107,120345,212991,358241,537371,703150,1001694
Karur U A,12769,17674,18249,19850,27575,42155,50564,65706,93810,113669,153365,234191
Anantnag U A,0,9019,9464,13752,15472,16536,21087,32414,40782,40782,97896,159838
Arrah,46170,38549,40769,48922,53122,64205,76766,92919,125111,157082,203380,261430
Kaithal,14408,12912,15477,19418,22325,28422,34890,45199,58385,71142,117285,144915
Nadiad U A,31435,27145,31939,34584,46510,62645,78952,108269,142689,170217,196793,225071
Sagar U A,42330,45908,39319,48862,63933,80068,104676,154785,207479,257119,308922,370208
Etawah,42570,45350,41558,46948,53114,59986,69681,85894,112174,124072,210453,256838
Rajnandgaon,11094,11979,12631,15977,19039,23300,44678,55827,86367,125371,143770,163114
Thanesar,5066,4719,4226,5032,6574,11273,16828,29555,49052,81255,122319,155152
Bilaspur U A,18937,19850,24295,31374,37460,39099,86706,136676,187104,229615,335293,453946
Aurangabad,4685,5799,4833,7428,8878,10299,14154,18714,33192,47565,79393,102244
Haldwani,7498,7605,8536,11288,17976,25065,38032,52205,77300,104195,158896,232095
Pathankot U A,6091,7007,7353,9763,12354,32415,54810,78192,110039,128198,168485,160509
Achalpur,36492,17910,31642,38391,42631,50794,54028,66451,81186,96229,107316,112311
Miryalaguda UA,0,0,0,0,5628,8801,10024,19263,44129,65879,91359,104918
Raiganj U A,0,0,0,0,0,15473,32290,43191,66705,159266,180160,199690
Etah U A,8796,7295,9597,11473,14120,18214,24719,33514,53784,78458,107110,130931
Raichur,22165,25034,26374,27910,34972,54032,63329,79831,124762,170577,207421,234073
Silchar U A,9256,8785,10204,13069,16601,34059,41062,52596,52596,115483,184105,229136
Shamli,7478,7312,8425,8940,12416,17986,26397,36959,51850,70853,90055,107266
Tirupati  U A,15485,16701,17434,19138,20143,25207,35845,71984,123897,188904,303521,461900
Nellore U A,32040,33246,35863,45895,56315,81480,106776,133590,237065,316606,404775,558548
Dindigul U A,25182,25052,30922,43617,56275,78361,92947,128429,164103,182477,216523,292512
Chirala U A,25811,29200,25611,29955,39285,52386,61213,74153,100601,142778,166294,162471
Nagaon U A,4430,5433,6885,10413,12972,28257,38600,56537,56537,93350,123265,148496
Orai U A,8458,9151,8914,11349,17242,21258,29587,42513,66397,98716,139318,190575
Chhindwara U A,9736,12872,13383,17080,21916,27652,37244,53508,75178,96858,153552,190041
Thoothukkudi U A,28048,40185,44522,60395,75614,98866,127356,170581,235496,262066,293995,411628
Barddhaman U A,35022,35921,34616,39618,62910,75376,108224,143318,167364,245079,285602,346639
Vaniyambadi UA,12005,20406,20090,22940,31281,38712,50691,61973,71716,88036,103950,117019
Chhatarpur U A,10029,10413,10142,10305,13210,14110,22146,32271,51959,75594,109078,147505
Lucknow U A,256239,252114,240566,274659,387177,496861,655673,813982,1007604,1669204,2245509,2902920
Jabalpur U A,90316,100651,108793,124382,178339,256998,367014,534845,757303,888916,1098000,1268848
Khammam U A,0,9117,11532,13002,18982,28251,35888,56919,98757,149077,198620,262255
Bijapur,23811,27615,32485,39747,48968,65734,78854,103931,147313,193131,253891,327427
Port Blair,0,0,0,0,0,7789,14075,26218,49634,74955,99984,108058
Dehradun U A,30995,42568,50858,52927,80580,151936,172478,220571,293010,368053,530263,706124
Gangapur City U A,5155,5780,6587,8943,11050,14078,22591,32660,46026,68886,105396,130061
Pune U A,164117,172884,198543,250187,324286,608634,790798,1135034,1722186,2493987,3768612,5057709
Ongole U A,12864,13286,14276,16672,21184,27810,35804,53330,85302,128648,153829,208344
Mysore U  A,68111,71306,83951,107142,150540,244323,253865,355685,479081,653345,797701,990900
Dankuni U A,0,0,0,0,0,0,0,0,24138,51792,90437,249015
Unnao,13109,11809,11147,16282,20107,25240,29780,38195,75983,107425,144662,177658
Bhiwadi,0,0,0,0,0,0,0,0,0,15285,33877,104921
Gudiyatham UA,21335,23390,22803,24688,32671,45667,50384,66537,79038,88438,100115,124249
Kanpur U A,202797,178557,216436,243755,487324,705383,971062,1275242,1639064,2029889,2715555,2920496
Belgaum U A,42131,50612,56748,64449,86262,122793,146790,213872,300372,402412,506480,610350
Pithampur,0,0,0,0,0,0,0,0,0,11980,68080,126200
Durg Bhilai U A,0,7048,11274,13172,16766,20249,133230,245124,499395,705076,927864,1064222
Bongaon  M,0,0,0,0,8990,23364,41082,50538,69885,79571,102163,108864
Medinipur,33140,32740,28965,32021,43171,45476,59532,71326,86118,125498,149769,169264
Ambikapur U A,0,0,0,0,8517,10362,15240,23740,38291,53227,90967,121071
English Bazar U A,17410,18072,17202,19686,27178,35161,50785,68026,93244,186537,224415,313681
Sirsa,15800,14629,16241,18909,20718,24980,33363,48808,89068,112841,160735,182534
Mughalsarai U A,0,0,2430,3545,5567,15467,21086,28612,69224,91505,124061,152091
Gondal,19592,15141,17418,24573,30553,37046,45069,55329,66818,81611,97506,112197
Neemuch U A,21588,17307,14463,13846,21618,28189,36287,49748,68853,90474,112852,128561
Sultanpur U A,9550,9519,8846,11334,13126,17496,26081,32330,48782,76533,100065,115944
Chilakaluripet,0,0,11150,5864,8751,11487,22666,41543,61645,79142,91656,101398
Mahbubnagar U A,7605,8651,9991,13300,16462,23827,35588,51756,87503,116833,139662,210258
Purnia U A,14007,14784,14102,15474,19036,25060,53653,71311,109875,136918,197211,312669
Malegaon U A,19054,19060,23505,29442,36780,55022,121408,191847,245883,342595,456054,576642
Dibrugarh U A,11227,14563,16007,18734,23191,37991,58480,80348,80348,125667,137661,154296
Kharagpur U A,0,18957,25280,58134,87185,129636,147253,161257,232575,264842,272865,299683
Gangawati U A,6245,6663,6027,6722,7613,16263,19026,34647,58735,81156,101392,114642
Itarsi UA,5769,4430,7007,11787,14269,24795,33611,46866,69619,84626,107831,114495
Kakinada U A,48096,54110,53348,65952,75140,99952,122865,164200,240973,327541,376861,443028
Valsad U A,12857,15972,19822,19481,20195,25440,44166,63069,82697,100881,145592,170060
Srinagar U A,122618,129692,145229,178328,214042,255731,297421,431835,616835,616835,988210,1264202
Solapur,75288,61345,119581,144654,212620,277087,337583,398361,514860,620846,872478,951558
Tadepalligudem UA,0,0,0,0,9396,13543,27086,43610,62574,88878,102622,104032
Aligarh U A,72084,66344,66963,83878,112655,141618,185020,252314,320861,480520,669087,911223
Ambala,78638,80131,76326,86592,44964,57979,76204,83633,104565,119338,139279,195153
Kolkata U A,1520721,1756805,1872737,2123128,3597595,4685869,6008656,7447429,9232103,11110314,13251339,14057991
Bhubaneswar  U A,0,0,0,0,0,16512,38211,105491,219211,411542,658220,885363
Sawai Madhopur,10328,11166,7450,8216,8392,11417,20952,43284,59083,77690,101997,121106
Begusarai,0,0,9062,7739,12803,15141,27346,44084,68305,84018,107623,252008
Abohar,0,9492,8916,14035,21222,25476,46863,58925,86334,107163,124339,145302
Bhopal U A,77023,56204,45094,61037,75228,102333,222948,384859,671018,1062771,1458416,1886100
Jammu   U A,36130,31726,31506,42794,58847,83551,108257,164207,239460,239460,612163,657314
Anand U A,10010,10139,11054,11660,17154,36785,47240,74664,104032,174480,218486,288095
Balurghat U A,0,0,0,0,0,18121,26999,67088,112621,126225,143321,164816
Mirzapur Vindhyachal U A,66071,32332,54994,61184,70944,86528,100097,105939,127787,169336,210763,246920
Gonda U A,18810,16273,17159,23488,29023,32566,43496,52662,70847,95553,120301,138632
Kasganj,19686,16429,20988,23100,28465,31554,37559,46467,61402,75634,92541,101277
Adilabad U A,6303,7560,7271,8096,11128,17196,20970,30368,53482,84255,129403,139383
Bhilwara,14844,13186,13655,15350,20701,35761,43499,82155,122625,183965,280128,359483
Gaya U A,71288,49921,67562,88005,105223,133700,151105,179884,247075,291675,394945,475987
Hisar U A,17647,17162,21415,25179,28618,35297,60222,89437,137369,181255,263186,307024
Nabadwip U A,10880,12480,15584,18861,30583,56298,72861,94204,129800,155905,131899,175479
Yamunanagar U A,13462,12045,11544,13268,16422,39627,84337,115020,160424,219754,321692,383353
Dhaulpur U A,19310,19922,16206,19586,21311,20651,27412,31865,44375,68533,97795,133075
Kottayam U A,17552,15141,24442,32713,41559,53198,65574,75429,64431,166552,172878,357302
Pollachi U A,8958,10909,11875,22112,25198,41744,54369,89133,109021,119765,128458,135333
Muktsar,6389,8834,10539,14839,20651,22097,30765,39403,50941,66383,83655,116747
Damoh U A,13355,17042,15296,20728,26795,36964,46656,59983,76758,105043,127967,147661
Hospet,18482,16937,18337,21673,26023,38651,62870,76168,115351,134799,164240,206167
Alwar U A,56771,41305,44760,47900,54143,57868,72707,100378,145795,210146,266203,341422
Nagda,0,0,0,0,0,0,16276,32569,56602,79622,96579,100039
Mubarakpur U A,15433,12562,12500,12493,11580,14337,16133,21253,41579,62733,78789,109622
Jorhat U A,2899,5231,6626,8334,11664,16164,24953,70674,70674,105364,134117,153889
Malappuram U A,10562,13984,13345,16210,32874,45793,48650,115731,177774,243427,311558,1699060
Bulandshahar U A,18959,19383,19509,24898,29701,37496,44163,59505,103436,127201,176425,234945
Greater Noida,0,0,0,0,0,0,0,0,0,0,0,102054
Hosur U A,6695,5913,5519,6071,6457,8712,11683,16591,27129,41739,99651,229528
Ludhiana,48649,44170,51880,68586,111639,153795,244032,401176,607052,1042740,1398467,1618879
Nandurbar,10922,11510,13550,16741,22139,30144,41055,54070,65394,78378,94368,111037
Rishikesh UA,0,2319,3438,3975,5020,7495,10925,17646,41752,71704,78805,102469
Gadag,30652,29902,41040,45852,56283,65509,76614,95426,117368,134051,154982,172612
Ghaziabad U A,14600,14065,15317,21751,27109,43745,70438,137033,297429,578680,1217543,2375820
Bagalkot,19020,16802,19019,15005,24521,32285,39934,51746,67858,76903,90988,111933
Sasaram,23644,23097,22308,25175,27201,29265,37782,48282,73457,98122,131172,147408
Roorkee U A,17148,16584,16716,17476,27364,33092,45801,62456,87153,103334,155298,238422
Nagpur U A,127734,101415,145193,215165,301957,449099,643659,866076,1219461,1664006,2129500,2497870
Nashik U A,24384,31932,57019,57347,74167,156888,215576,271681,443003,725341,1152326,1561809
Shimla U A,14335,19405,27213,18614,18982,46150,44084,57323,73004,110360,144975,171640
Darbhanga U A,66244,62628,53700,60676,69203,84816,103016,132059,176301,218391,267348,308011
Raipur U A,32114,35335,38341,45390,63465,89804,139792,205986,338245,462694,743494,1123558
Pudukkottai,20347,26850,26101,28776,34188,44527,50488,66384,87952,99058,109217,117630
Habra U A,0,0,0,0,0,0,64716,93351,129610,196970,254685,299782
Bharuch U A,42896,43403,42648,34276,55810,62729,73639,92251,112524,139029,176364,223647
Bhadravati,2676,2676,3789,9137,19585,42451,65776,101358,130606,149257,160662,151102
Guntakal,0,0,12519,15620,20414,31341,48083,66320,84599,107592,117103,126270
Madurai U A,105984,134130,144148,187767,244846,370791,490882,701904,899303,1077158,1220898,1465625
Dohad U A,13990,9303,16076,22093,12666,42006,50434,69224,82256,96632,112026,130503
Bahraich,27304,26907,27371,33783,39963,44741,56033,73931,99889,135400,168323,186223
Shivpuri,0,10628,11915,12954,15490,21887,28681,50858,75738,108277,146892,179977
Durgapur U A,0,0,0,0,0,0,41696,206638,311798,425836,493405,580990
Pilibhit U A,33490,31554,32344,36892,44709,46225,57527,68273,88548,106605,124245,156263
Siddipet U A,8302,9583,8044,11260,12865,18109,18719,26296,42755,54091,61809,114091
Kadapa U A,16432,17807,19517,22602,28246,37438,49027,66195,103125,215866,262506,344893
Meerut U A,125999,124197,129193,146472,185259,245179,294853,383106,542998,849799,1172106,1420902
Datia,24071,17329,15221,18292,22086,26447,29430,37436,49386,64477,82755,100284
Puruliya U A,17291,20886,22161,25974,30445,41461,48134,57708,73904,92386,113806,126815
S A S  Nagar U A,0,0,0,0,0,0,0,0,32351,78457,123484,176170
Madanapalle U A,14084,14433,8595,9459,11898,16142,24386,36458,54938,73820,107449,180180
Lakhimpur U A,10110,11431,12396,17497,21235,25055,32285,43752,61003,79951,121486,165085
Karaikkudi U A,11801,14648,30968,45081,53048,60174,70121,88371,100141,110926,125717,181851
Cuddalore,52216,56574,50527,59057,60632,69084,79168,101335,127625,144561,158634,173636
Rohtak,20323,20361,25240,35235,48148,71902,88193,124755,166767,216096,294577,374292
Jagdalpur,4762,4762,4762,10128,11304,13793,20412,36932,63632,84578,103123,125463
Nagapattinam,57190,60168,54016,48527,52936,57854,59063,68026,82828,86489,93148,102905
Baripada U A,5613,5968,6189,6193,8281,9277,20301,28725,52989,69240,100651,116849
Jalpaiguri U A,9708,11469,14520,18962,27766,41259,48738,55159,61743,68732,100348,169002
Basirhat UA,17001,18331,19267,21287,26348,34823,53943,63816,81040,101409,113159,143007
Singrauli,0,0,0,0,0,0,0,0,0,60207,185190,220257
Karnal U A,23559,21961,22845,26610,37444,59790,72109,92784,132107,176131,221236,302140
Bundi UA,19313,19598,16105,17991,20846,22697,26478,34492,48027,65047,88871,104919
Chandausi,25711,22255,25164,26768,28763,36689,48557,53393,66970,82748,103749,114383
Kolhapur U A,54373,42018,52299,66728,93032,136835,193186,267513,351392,418538,505541,561837
Muzaffarpur U A,45617,43668,32755,43049,54139,73594,109048,126379,190416,241107,305525,396590
Karimnagar U A,5752,8347,9399,10903,17437,23826,31554,48918,86125,148583,218302,297447
Giridih  U A,9433,10668,18874,21122,25326,29167,36881,40308,65444,78097,105634,143630
Vapi,0,0,0,0,0,0,11212,13888,19620,31533,112177,163630
Changanassery U A,14264,17242,18955,24201,28381,36289,42376,48545,51955,52445,51967,127987
Bareilly U A,133167,129462,129459,144031,192688,208083,272828,326106,449425,617350,757979,985752
Sitamarhi UA,9538,10122,10532,10701,12437,15345,21636,27123,47032,67336,87279,106093
Bidar U A,11367,12684,12434,15198,20514,31341,32420,50670,78856,132408,174257,216020
Udgir,5984,7213,7178,8308,11238,16522,18814,30647,50564,70453,91933,103550
Nalgonda U A,5889,7532,7814,9711,12674,22183,24383,33126,62458,84910,111380,154326
Khandwa,19401,21604,26802,34622,38493,51940,63505,85403,114725,145133,172242,200738
Amreli UA,17997,17443,17793,20186,25485,27826,34699,43794,58241,69366,95307,117967
Ichalkaranji U A,12920,10239,10211,11904,18573,27423,50978,87731,164026,235979,285860,325499
Mormugao U A,0,0,0,0,0,0,0,44065,69684,90429,104758,101326
Tiruppur U A,6056,9429,10851,18059,39195,60465,97965,151127,215859,306237,596343,963173
Sikar U A,21523,22317,21080,26297,32334,44140,50636,70987,102970,148272,185925,244497
Yavatmal U A,10545,13525,17238,20967,26555,35980,45587,64836,89071,121816,139835,138303
Ottappalam U A,0,0,0,0,16868,34291,32858,57272,58276,83736,91271,237970
Robertsonpet U A,38204,48635,87682,85103,133859,159084,146811,118861,144385,156746,157084,162230
Gulbarga U  A,29228,32437,35820,41083,53551,77189,97069,145588,221325,310920,430265,543147
Barshi,24242,16704,20449,27610,34839,41849,50389,62374,72537,88810,104785,118722
Jind,8047,8783,10840,11699,14909,19449,24216,38161,56748,85315,135855,167592
Sehore UA,16864,12105,13588,13860,16831,20879,28489,36136,52190,71945,92518,109118
Shahjahanpur U A,76458,71778,72616,83764,110163,104835,117702,144065,205095,260403,321885,347852
Margao U A,0,0,0,0,0,0,0,48593,64858,72400,94383,106484
Chittaurgarh,7593,7332,8015,8041,9300,11863,16888,25917,44990,71569,96219,116406
Wardha,9872,10541,16044,19571,28359,39827,49113,69037,88495,102985,111118,106444
Adoni U A,30416,31645,30232,35635,35431,53583,69951,85311,108939,136182,162458,184625
Firozabad,16849,13571,20183,23154,40572,65438,98611,133863,207135,270536,432866,604214
Jehanabad,7018,4764,6956,8764,10842,12445,23209,29198,44635,52332,81503,103202
Kanhangad U A,0,0,0,0,0,19305,23621,31869,31869,71049,129367,229168
Hinganghat,12662,14943,17200,22601,28040,32868,36890,44349,59075,78715,92342,101805
Nagercoil,25782,29883,34406,42945,51657,79284,106207,141288,171648,190084,208179,224849
Ratlam U A,36321,27957,30133,37675,44939,63403,87472,119247,155578,195776,234419,273998
Jaipur,160167,137098,123896,148755,180940,304380,410376,636768,1015160,1518235,2322575,3046163
Vellore U A,43537,49746,50210,57265,71502,106024,138499,178554,256541,310776,407200,484690
Jhansi U A,55724,76126,74861,93112,103254,127365,169712,198135,276637,357153,460278,547638
Basti,14761,11447,17691,22526,23893,33203,38403,49635,69465,87371,107601,114657
Raigarh U A,6764,8041,8667,12820,20327,29684,36933,48049,69791,90265,115908,150019
Sujangarh,9762,12086,12520,17157,24972,26296,30761,39073,55546,70843,83846,101523
Morena,0,2690,4783,7240,12527,18124,28337,44901,69864,147124,150959,200482
Motihari,13730,14876,13828,17545,20717,25906,34602,40352,63212,83255,108428,126158
Hassan U A,8241,7461,8096,10544,14596,24869,32172,51325,71534,108706,133262,173008
Nagaur U A,13377,12960,10227,13837,14714,19588,24296,36448,48005,68194,93915,110797
Mancherial U A,0,0,0,0,0,8997,13822,19808,32478,52657,118195,163552
Chennai U A,594396,604034,627824,774513,930356,1542333,1944502,3155944,4273329,5416903,6686140,8653521
Kannur U A,55694,58215,55281,64585,70969,82471,211193,210975,612659,1145476,1212898,1640986
Morvi U A,17820,14962,13115,18934,37048,40722,50192,60976,73327,120117,178055,251859
Santipur U A,26898,26703,24792,24992,29892,42413,67212,78897,135465,182149,225060,290345
Modinagar U A,0,0,0,0,0,12304,24266,43470,87665,131752,139929,183075
Vasai Virar City,10702,9598,10366,12689,13969,26873,37651,57622,80038,215762,518601,1222390
Tirunelveli U A,80014,89714,100426,118551,131920,160929,190048,260945,316466,359015,433352,497826
Kancheepuram U A,46164,53864,61376,65258,74635,84810,92714,118464,142894,168311,188733,221715
Brahmapur,25729,31456,32731,37750,43536,62343,76931,117662,162550,210418,307792,356598
Moradabad,75082,81118,82671,110562,142414,161854,191828,272652,345350,443701,641583,887871
Latur,10479,7574,16233,30760,24985,35374,40913,70156,111986,197408,299985,382940
Chittoor U A,10893,15108,17941,22018,27835,38894,47876,63035,86230,133462,152654,175647
Sivakasi U A,13021,14022,14617,15212,16626,22674,30690,60753,113638,163082,201009,234704
Dewas,15403,15285,14970,16810,22949,27879,34577,51866,83465,164364,231672,289550
Muzaffarnagar U A,23444,23811,23937,35347,46758,64213,87622,114783,171816,247624,331668,495543
Jagtial UA,11181,11688,9682,13882,16294,21046,20941,30900,53213,67591,85521,103930
Bettiah U A,24696,25793,24291,27941,30309,35634,39990,51018,72167,92653,116670,155518
Betul,5566,7454,6954,9614,11841,15563,19860,30862,46293,63694,83722,103330
Mainpuri U A,19000,17653,15697,16483,21221,22932,33610,43849,58928,76735,104851,136557
Kashipur,12023,12773,10576,11276,13223,16597,24258,33457,51773,69870,92967,121623
Shikohabad,10798,11383,10374,11865,14061,19502,23458,31442,47083,62829,88161,107404
Jalna,20270,18993,16912,22408,38096,58478,67158,91099,122276,174985,235795,285577
Tinsukia U A,0,0,3080,5160,8338,12245,28468,54911,54911,73918,108123,126389
Tonk,38759,33864,30374,35798,38650,42833,43413,55866,77653,100235,135689,165294
Jaunpur,42771,30473,32569,37675,44833,52351,61851,80737,105140,136062,160055,180362
Bhiwani,35917,31100,33270,35866,43921,52183,58194,73086,101277,121629,169531,196057
Ahmadabad U A,204753,233339,293213,335842,627009,924564,1265081,1871006,2733952,3631233,4912912,6357693
Barabanki U A,17498,16738,15723,20800,22840,28958,34334,43385,62216,77234,92687,147550
Bhagalpur U A,75760,74349,68878,83847,93254,114530,143850,172202,225062,260119,350133,412209
Malerkotla,21122,23880,24564,25240,29321,32575,39543,48859,65756,88600,107009,135424
Palakkad U A,44177,44319,45487,49064,55160,69504,77620,102820,117986,180033,197369,293533
Bijnor U A,17583,17439,18095,23520,27900,30646,33821,43290,56713,73900,96836,115256
Panaji U A,0,0,0,0,0,0,0,59258,77226,90470,99677,114759
Ajmer U A,73839,86222,113512,119524,147258,196633,231240,264291,375593,402700,490520,551101
Udhagamandalam U A,27121,34780,38499,46231,57005,75986,103132,132799,168574,179732,253068,233426
Kumbakonam U A,59673,64647,60700,62317,67008,91643,96746,119655,141794,150540,160767,167155
Bikaner,53075,55826,69410,85927,127226,130293,166772,208894,287712,416289,529690,644406
Baharampur U A,24397,26143,26670,27403,41558,55613,62317,78909,102311,126400,183045,304487
Bathinda,13185,15037,20154,22771,24833,34991,52253,65318,127363,159042,217256,285788
Hoshangabad,14940,5503,12048,12332,13290,14989,19284,29434,46300,70914,97424,117988
Mandya,4496,4255,4887,5958,11374,21158,33347,72132,100285,120265,131179,137358
Mangalore U A,44108,48412,53877,66756,81069,117083,176003,223335,332076,426341,539387,623841
Neyveli U A,0,0,0,0,8620,9947,22481,74303,114977,150006,186934,179150
Salem U A,70621,59153,52244,102179,129702,202335,273134,410042,511709,577260,751438,917414
Veraval U A,25116,22430,27792,30179,41652,52434,60857,75520,105307,120178,158032,185797
Farrukhabad Fatehgarh,67338,59647,51567,60354,69418,80332,94591,110835,160796,208727,242997,291374
Thiruvananthapuram U A,57882,63561,93698,118123,160970,229485,340138,501151,621752,959256,1050933,1679754
Deoghar,8838,11394,12355,14217,19792,25510,35105,45060,59120,85902,112525,203123
Rae Bareli,15880,17329,16183,18180,20945,24958,29940,38765,89697,129904,169333,191316
Bahadurgarh,5974,4990,5955,6963,8206,11170,14982,25812,37488,57235,131925,170767
Khargone U A,7624,9423,10610,12157,14851,20762,30652,41316,52749,66786,103448,133368
Godhra U A,20915,22144,26979,35110,41986,40476,52167,66853,86228,100662,131172,162436
Murwara  Katni,14137,15812,19682,21959,24630,33884,60472,86535,123017,163431,187029,221883
Vidisha,7481,8427,8801,10570,14472,19184,27718,43212,65521,92922,125453,155951
Alipurduar U A,0,0,0,0,0,24886,28927,54454,71573,102815,124046,126891
Khurja U A,29277,27387,25719,31279,35376,38462,41491,50245,67119,80305,98610,142590
Chapra U A,45901,42373,42415,47448,55142,64309,75580,83101,111564,136877,179190,213714
Chirkunda  U A,0,0,0,0,0,0,42722,49093,67203,59278,106227,118777
Davanagere,10402,10074,16971,23155,31759,56018,78124,121110,196621,287233,364523,434971
Burhanpur,33341,22777,35916,44066,53987,70066,82090,105335,140986,172710,193725,210886
Kozhikode U A,88300,89566,92138,110532,163238,228152,348587,534742,610232,945802,1101157,2028399
Gorakhpur U A,64148,56892,57985,75644,95127,132436,180255,230911,313418,505566,632293,694889
Kishangarh,12663,10418,9452,11929,14459,25696,25244,37405,62032,81948,116222,154886
Agra U A,188022,185449,185532,229764,284149,375665,508680,634622,747318,961420,1374493,1760285
Puri,49334,39686,38694,37568,41055,49057,60815,72674,100942,125199,157837,200564
Pali,12673,12939,10129,10974,12356,24100,33303,49834,91568,136842,187641,230075
Chitradurga U A,5792,6986,8520,10732,14528,25081,33336,50254,74580,103435,125170,145853
Kollam U A,15691,18839,29875,39529,55886,79937,123291,166079,246840,365130,418743,1110668
Dhanbad U A,0,0,11973,16356,39448,73602,223843,456276,689460,828301,1065327,1196214
Tumkur,13955,6039,14246,18196,21893,35999,47277,70476,108670,179877,248929,302143
Ranibennur,14851,7733,13355,16411,16994,25282,31304,40749,58118,67442,89618,106406
Patiala U A,53545,46974,47531,55129,69850,97869,125234,151041,206254,253706,323884,446246
Jalgaon,16259,17780,23329,34286,48596,68412,80351,106711,145335,242193,368618,460228
Bhadrak U A,18518,18578,18175,18283,19550,18795,25285,40487,60600,76435,92515,129228
Jamalpur,13929,20526,24827,30346,39401,44172,57039,61731,78356,86112,96983,105434
Dhulian U A,0,8298,8435,9767,12613,15935,17220,22068,25466,50252,138931,239019
Darjiling U A,16924,19005,22258,21185,27224,33605,40651,42873,57603,73062,107197,130399
Maunath Bhanjan,17696,16751,17998,21354,29357,34807,48785,64058,86326,136697,212657,278745
Ranchi U A,25970,32994,39628,50517,62562,106849,140253,266545,502771,614795,863495,1126720
Sambhal,42838,45276,41585,44300,53887,61429,68940,86323,108232,150869,182478,220813
Kurnool  U A,25376,26040,27908,35314,45250,60222,100815,136710,206362,275360,342973,457633
Chandrapur,17803,19866,22981,28138,35730,40744,51484,75134,115777,226105,289450,320379
Surat U A,129500,125220,128400,111928,187271,237394,317519,493001,930246,1514545,2820373,4591246
Ambala  U A,0,0,0,0,62419,94043,105543,102493,128545,152639,199539,205418
Junagadh,34251,35413,33221,39890,58111,62730,74298,95900,120416,167110,252108,319462
Beawar U A,21928,22800,22362,28342,36720,51054,53931,66114,89998,106721,125981,151152
Gudivada,6719,9180,10621,13535,23919,31942,44801,61068,80198,101656,113054,118167
Hindaun,11938,10640,8687,10825,13804,14673,20237,27895,42706,60780,84861,105452
Srikakulam U A,18196,17852,16298,16588,22249,24212,35071,45179,68145,88883,117320,147015
Chakdaha U A,5482,4931,5216,3986,5494,15372,35089,46345,59308,80705,101320,133856
Bokaro Steel City U A,0,0,0,0,0,5873,5873,107159,264480,398890,497780,564319
Proddatur U A,14370,15756,15906,20124,26961,36624,50616,70822,107070,133914,165216,217786
Ranaghat U A,11868,12504,11957,13736,18301,31957,42889,58375,98325,124695,173587,234499
Panvel Raigad,0,0,0,0,0,0,0,0,0,42732,81855,195373
Kochi U A,74198,87353,91975,144953,180730,234178,365806,607339,937744,1242115,1410666,2119724
Akola,29289,25826,37864,47632,62564,89606,115760,168438,225412,328034,400520,425817
Eluru U A,33521,37819,45862,57342,64911,87213,108321,127023,168154,212866,215804,250834
Bhavnagar U A,56442,60694,59392,75594,102851,137951,176473,225974,308642,405225,517708,605882
Agartala,6415,6831,7743,9580,17693,42595,54878,100264,132186,198320,269492,400004
Jangipur U A,10921,11408,10739,12796,16903,18255,24201,29872,43795,55981,80337,122731
Rewari,27295,24780,23129,26269,30673,34082,36994,43885,51562,75342,105138,143021
Hanumangarh,0,0,0,3468,5027,6837,17909,32532,60071,82733,129556,150958
Rudrapur U A,0,0,0,0,0,0,9662,25173,34658,61280,88676,154554
Gangtok,0,0,0,0,0,2744,6848,13308,36747,25024,43711,100286
Baleshwar  U A,20880,21362,17037,17843,19405,22851,33931,46239,65779,101829,156430,177751
Porbandar U A,24620,24821,28699,33383,48493,58824,75081,106727,133307,160167,197382,217203
Aizawl,0,0,0,0,0,6950,14257,31740,74493,155240,228280,293416
Noida,0,0,0,0,0,0,0,0,0,146514,305058,637272
Tezpur UA,5067,5355,7341,10268,11879,18880,24159,39870,39870,55084,105377,102505
Bhimavaram U A,0,0,0,9839,21049,30928,43821,63762,101894,121314,142064,146961
Batala U A,27365,26430,26122,33204,44458,55850,51300,76488,101966,103367,147872,158621
Katihar U A,9761,10219,14533,15864,26326,42365,59344,80121,122005,154367,190873,240838
Ballia U A,15278,16684,18215,18143,23520,30638,38216,47101,61704,84063,101465,111487
Thanjavur U A,57870,60341,59913,66889,68702,100680,111099,140547,184015,202013,248293,291067
Suryapet UA,0,0,0,0,7381,12443,16162,21724,43663,60630,94585,106805
Fatehpur,19281,16939,14948,18947,27436,24301,28323,54665,84831,117675,152078,193193
Nanded Waghala,14184,17625,21470,26992,36689,65024,81087,126538,191269,309316,430733,550439
Cuttack U A,51364,52528,51007,65263,74291,102505,159786,230059,327412,445746,587182,663188
Tiruchirappalli U A,127760,148311,149633,187745,209214,301694,348931,465400,607986,729127,887865,1022518
Udupi U A,8041,10871,11882,14833,18043,20451,35282,54909,59731,117674,127124,165401
Anantapur U A,7938,8457,11452,15099,21482,31952,52280,80069,119531,174924,252298,340613
Ankleshwar U A,10225,11344,11762,12025,14187,15275,20287,26220,43700,78100,112643,139578
Gurgaon U A,4765,5461,5107,7208,9935,18613,37868,57151,100877,142651,239446,902112
Nawada U A,5908,6828,9533,7485,8885,10391,17468,23746,38759,53174,81891,118768
Kumarapalayam U A,0,0,0,0,6961,9892,24757,44198,92439,116740,132174,195071
Faridabad,9816,8540,8058,9296,11475,37393,59039,122817,330864,617717,1055938,1414050
Mahesana U A,9393,10141,11888,14762,16986,22804,32577,51713,73024,109950,141453,190753
Bid,17671,16010,13547,14840,15222,25636,33066,49965,80287,112434,138196,146709
Asansol U A,30747,37416,41035,64973,121508,182104,286539,370800,628991,938067,1067369,1243414
Bhuj U A,26362,21579,19281,21859,23282,36227,40180,62859,81455,121009,136429,188236
Koch Bihar U A,10458,10841,11461,11837,16000,33242,41922,62664,80101,92820,103008,106843
Ujjain,39892,39295,43908,54650,81272,129817,144161,208561,282203,362633,431162,515215
Kasaragod U A,0,8295,7314,9169,11566,22708,34237,43796,43137,50126,84107,192856
Deoria,2151,3339,5579,7251,15198,20156,28407,38161,55720,82168,104227,129479
Rajapalayam,25360,28412,33184,38693,46289,60861,71203,86952,101640,114202,122307,130442
Dhule,24726,30341,29497,39656,53308,76880,98893,137129,210759,278317,341755,375559
Ghazipur U A,39429,22165,24708,27498,31326,33498,37147,45635,60725,76547,103298,121020
Shillong U A,9621,13639,17203,26536,38192,58512,102398,122752,174703,223366,267662,354759
Dimapur,0,0,0,0,0,0,5753,12426,32878,57182,98096,122834
Siwan,15756,12472,11862,14215,18386,22625,27370,33162,51284,83125,109919,135066
Medininagar U A,5837,7179,9817,12040,13943,19223,25270,32367,51952,56323,71422,120325
Churu UA,15657,16038,16932,21965,28269,40047,41727,53185,62070,82852,101874,120157
Kolar,12210,8193,13368,16161,19006,27176,32587,43418,65834,83287,113907,138462
Nandyal U A,15137,16230,18124,22608,25886,33344,42927,63193,88185,119813,157120,211424
Thrissur U A,31199,40609,51676,77393,106316,127948,157282,205038,472889,627063,773598,1861269
Panvel,10152,6757,7837,8366,10960,14861,18130,26602,37073,58986,104058,180020
Varanasi U A,226105,217012,210745,220143,278955,369799,505952,635175,803365,1039939,1216392,1432280
Ambur,15903,18264,19220,24217,31700,39992,39455,54011,66042,75911,99624,114608
Faizabad U A,71179,54655,56620,65718,57632,82498,88296,109806,143167,176922,208162,256624
Dehri,0,0,0,0,8281,24496,38092,46037,90409,93594,119057,137231
Delhi  U A,214115,237944,304420,447442,695686,1437134,2359408,3647023,5760811,8471625,12895547,16349831
Navsari U A,21451,17982,19437,24397,35445,44663,63190,80101,129266,190946,232411,282791
Patna U A,180025,176688,158048,201540,245267,341911,435360,575476,953064,1140100,1697976,2049156
Sangli U A,35254,37309,41790,53838,67236,90511,127183,201597,268988,363751,447774,513961
Budaun,39031,38230,39118,45455,52077,53521,58770,72204,93004,116695,148029,159285
Panchkula,0,0,0,0,0,0,0,0,11239,70375,140925,211355
Mandsaur,20936,16785,16217,15386,21972,34541,41876,56988,77603,95907,117555,141667
Wadhwan U A,27478,24876,28111,31613,40589,57635,75706,97251,130602,166466,219585,253606
Ramagundam U A,0,0,0,0,0,0,0,31928,82908,214384,248696,252308
Dhamtari U A,9151,10460,12721,11505,14071,17161,31552,43362,55797,69357,82111,101677
Erode U A,24166,25417,28447,40568,48573,69709,119102,179388,260598,337885,421744,521891
Guwahati U A,11661,12481,16480,21797,29598,43615,136239,200377,200377,584342,818809,962334
Hapur,17796,19142,20388,25116,33756,49260,55248,71266,102837,146262,211983,262983
Gandhidham,0,0,0,0,0,5092,26514,38908,61489,104585,151693,247992
Akbarpur,7116,8536,5801,7675,7376,8206,9563,12516,19469,26878,33906,111447
Bankura,20737,23453,25412,31703,46617,49369,62833,79129,94954,114876,128781,137386
Jamshedpur U A,0,5672,57360,92459,165395,218162,328044,440426,680054,829171,1104713,1339438
Vizianagaram U A,37270,37550,39299,44696,51749,67104,76808,99004,129170,177022,195801,239909
Osmanabad,10607,10221,9056,11266,14414,15007,18868,27279,39068,68019,80625,111825
Kayamkulam U A,5745,5830,30080,35422,37113,42294,83923,110895,87925,95450,97024,427967
Firozpur,49341,50836,54351,64634,82502,44503,51605,56138,61162,78738,95475,110313
Bhind,8032,9133,9619,10341,13244,16618,28208,45794,74515,109755,153752,197585
Seoni,11864,13839,12772,16081,20570,25024,30274,38396,54017,64532,89801,102343
Ramgarh  U A,0,0,0,0,0,14775,20041,37923,65268,82328,110496,132425
Aurangabad U A,36837,34902,36876,36870,50924,66636,97701,165253,316421,592709,892483,1193167
Sambalpur   U A,12870,12981,13594,15017,17079,23525,57738,105085,162214,193297,226469,266271
Amritsar U A,162429,152756,160218,264840,391010,336114,390055,454805,594844,708835,1003917,1183549
Makrana U A,0,0,7727,8713,11404,13943,17270,23243,40663,66720,91853,116295
Sonipat  U A,12990,12014,12981,15050,17781,30189,45882,62393,109369,143922,225074,293025
Banda U A,22565,21061,20029,22415,27070,30327,37744,50575,72379,96795,139436,160473
Hazaribag U A,15799,17009,17060,20977,24918,33812,40958,54818,80155,97824,135473,153595
Bruhat Bangalore U A,163091,189485,240054,309785,410967,786343,1206961,1664208,2921751,4137314,5701446,8520435
Ranipet U A,28408,35699,37745,46558,55218,66130,75623,92411,114854,141373,191329,264330
Chikmagalur,9515,8537,10207,12225,15383,21744,30253,41639,60582,60816,101251,118401
Hardwar U A,25597,28682,30764,33287,40823,57338,59960,91371,145946,187392,220767,310796
Krishnanagar U A,24547,23475,22309,24284,32016,50042,70440,85923,98141,121110,148709,182010
Hajipur,21398,19223,16760,19299,21963,25149,34044,41890,62520,87687,119412,147688
Bharatpur U A,43601,33918,33495,30173,35541,37321,49776,69902,105274,156880,205235,252838
Tiruvannamalai,17069,21244,21912,27769,33575,40718,46441,61370,89462,109196,130567,145278
Tadpatri,10859,12593,11293,12620,15184,19369,23129,31618,53920,71068,86843,108171
Guna,11452,11685,11595,11022,15328,22221,31031,42330,64659,100490,137175,180935
Rajahmundry U A,46712,58764,63590,73259,85947,119244,144694,183841,242834,391287,413616,476873
Bellary,58247,34956,39842,47573,56148,70322,85673,125183,201579,245391,316766,410445
Indore U A,97804,54142,105317,142524,203695,310859,394941,560936,829327,1109056,1516918,2170295
Moga U A,6725,6725,14145,17581,27785,36598,47779,61625,80272,110958,135279,163397
Dharmavaram,10658,7386,8117,9346,12087,14703,20405,30876,50969,78961,103357,121874
Jamnagar U A,53844,44887,42495,55056,71588,104419,159217,227640,317362,381646,556956,600943
Tenali,10204,18195,23230,34580,40639,58116,78525,102937,119257,143726,153756,164937
Greater Mumbai U A,839672,1046579,1285402,1316413,1747234,3216904,4515495,6596370,9421962,12596243,16434386,18394912
Baran,7892,9507,10157,11471,14087,20419,22764,29809,42000,57719,78665,117992
Machilipatnam,39507,42123,43940,56928,59146,77953,101417,112612,138530,159110,179353,169892
Deesa,11047,7117,7218,9019,5638,10646,18891,28324,41730,62435,83382,111160
